             ET TOOLBOX REACH SUMMARY,,,,,,,,,,,,
,,,,,,,,,,,,
      Summary for: URGWOM Reach 7 (San Acacia to San Marcial gage)    ,,,,,,,,,,,,
,,,,,,,,,,,,
      Vegetation classification: MRGCD Ag. & IkonUSu Rip. (MRIU) (Except open water),,,,,,,,,,,,
,,,,,,,,,,,,
      ET TOOLBOX classes (ag. + rip. + open water + urb.):    28522.4 acres,,,,,,,,,,,,
,,,,,,,,,,,,
          (Daily URGWOM Water Use = Daily Consumptive Use Total - Rain),,,,,,,,,,,,
,,,,,,,,,,,,
          * = Some or all water use from forecast weather data,,,,,,,,,,,,
,,,,,,,,,,,,
"      Note:  Final values are subject to change with updated weather data, which could occur multiple times during periods of local ",,,,,,,,,,,,
             weather station data feed instability.,,,,,,,,,,,,
,,,,,,,,,,,,
             --------------- Daily Consumptive Use ---------------    Daily    ----- Daily URGWOM Water Use ----    Total URGWOM Water,,,,,,,,,,,,
    2015   F  Total   Agriculture    Riparian   Open Water   Urban  Eff. Rain   Total    5-Day Avg.  10-Day Avg.    Use To-Date Since,,,,,,,,,,,,
" Month Day M   CFS         CFS          CFS         CFS       CFS      CFS       CFS         CFS          CFS       Jan.  1, 2015 AC-FT",,,,,,,,,,,,
 ----- --- - ------   -----------    --------   ----------   ------   -----    -------   ----------  -----------    -------------------,,,,,,,,,,,,
  Dec. 31  F    5.2         0.0          0.6         4.6       0.0    -0.0        5.2        -4.9         -2.7           94217.8,,,,,,,,,,,,
  Dec. 30       5.7         0.0          0.7         5.1       0.0    -0.0        5.7       -13.9         -2.2           94207.5,,,,,,,,,,,,
  Dec. 29       5.2         0.0          0.6         4.6       0.0     3.3        1.9       -12.9         -1.8           94196.1,,,,,,,,,,,,
  Dec. 28       5.2         0.0          0.6         4.6       0.0    -0.0        5.2       -12.2         -0.9           94192.3,,,,,,,,,,,,
  Dec. 27       3.9         0.0          0.5         3.4       0.0    46.4      -42.6       -11.4         -0.5           94181.9,,,,,,,,,,,,
  Dec. 26       5.2         0.0          0.6         4.6       0.0    45.1      -39.8        -0.5          4.5           94266.2,,,,,,,,,,,,
  Dec. 25      10.5         0.0          1.3         9.3       0.0    -0.0       10.5         9.4          9.3           94345.0,,,,,,,,,,,,
  Dec. 24       9.7         0.0          1.2         8.5       0.0     4.1        5.6         9.4          8.8           94324.2,,,,,,,,,,,,
  Dec. 23       9.7         0.0          1.2         8.5       0.0     0.5        9.2        10.4          8.8           94313.2,,,,,,,,,,,,
  Dec. 22      11.8         0.0          1.5        10.3       0.0     0.0       11.8        10.4          8.3           94294.9,,,,,,,,,,,,
  Dec. 21      10.1         0.0          1.2         8.9       0.0    -0.0       10.1         9.6          2.6           94271.6,,,,,,,,,,,,
  Dec. 20      10.5         0.0          1.3         9.2       0.0     0.0       10.5         9.2          2.9           94251.6,,,,,,,,,,,,
  Dec. 19      10.4         0.0          1.3         9.1       0.0     0.0       10.4         8.2          3.3           94230.9,,,,,,,,,,,,
  Dec. 18       9.2         0.0          1.2         8.0       0.0     0.0        9.2         7.2          3.5           94210.3,,,,,,,,,,,,
  Dec. 17       7.9         0.0          1.0         6.9       0.0    -0.0        7.9         6.2          3.9           94192.1,,,,,,,,,,,,
  Dec. 16       7.9         0.0          1.0         6.9       0.0    -0.0        7.9        -4.5          4.3           94176.5,,,,,,,,,,,,
  Dec. 15       5.7         0.0          0.7         5.0       0.0    -0.0        5.7        -3.4          4.6           94160.9,,,,,,,,,,,,
  Dec. 14       9.2         0.0          1.2         8.0       0.0     4.1        5.1        -1.7          5.3           94149.5,,,,,,,,,,,,
  Dec. 13       9.2         0.0          1.2         8.1       0.0     4.9        4.3        -0.1          5.8           94139.5,,,,,,,,,,,,
  Dec. 12       7.9         0.0          1.0         6.9       0.0    53.3      -45.4         1.6          6.4           94130.8,,,,,,,,,,,,
  Dec. 11      13.1         0.0          1.6        11.5       0.0     0.0       13.1        13.1         12.0           94220.8,,,,,,,,,,,,
  Dec. 10      14.4         0.0          1.8        12.6       0.0     0.0       14.4        12.6         11.8           94194.9,,,,,,,,,,,,
  Dec.  9      13.1         0.0          1.6        11.5       0.0     0.0       13.1        12.3         11.3           94166.4,,,,,,,,,,,,
  Dec.  8      13.1         0.0          1.6        11.4       0.0     0.0       13.1        11.8         10.9           94140.5,,,,,,,,,,,,
  Dec.  7      11.8         0.0          1.4        10.4       0.0     0.0       11.8        11.3         10.7           94114.6,,,,,,,,,,,,
  Dec.  6      10.5         0.0          1.3         9.2       0.0    -0.0       10.5        11.0          9.9           94091.2,,,,,,,,,,,,
  Dec.  5      13.1         0.0          1.6        11.4       0.0     0.0       13.1        11.0          9.8           94070.5,,,,,,,,,,,,
  Dec.  4      10.5         0.0          1.3         9.2       0.0    -0.0       10.5        10.4         10.0           94044.6,,,,,,,,,,,,
  Dec.  3      10.5         0.0          1.3         9.2       0.0    -0.0       10.5        10.1         10.4           94023.9,,,,,,,,,,,,
  Dec.  2      10.4         0.0          1.3         9.1       0.0     0.0       10.4        10.1         10.6           94003.1,,,,,,,,,,,,
  Dec.  1      10.4         0.0          1.3         9.1       0.0     0.0       10.4         8.8         10.7           93982.6,,,,,,,,,,,,
  Nov. 30      10.1         0.0          1.2         8.8       0.0     0.0       10.1         8.7         10.5           93962.0,,,,,,,,,,,,
  Nov. 29       9.2         0.0          1.2         8.1       0.0     0.0        9.2         9.7         11.0           93942.1,,,,,,,,,,,,
  Nov. 28      10.5         0.0          1.3         9.2       0.0     0.0       10.5        10.8         11.3           93923.9,,,,,,,,,,,,
  Nov. 27       9.2         0.0          1.2         8.1       0.0     5.5        3.8        11.1         11.4           93903.2,,,,,,,,,,,,
  Nov. 26      11.8         0.0          1.5        10.3       0.0     1.6       10.2        12.5         11.8           93895.7,,,,,,,,,,,,
  Nov. 25      14.7         0.0          1.8        12.9       0.0     0.0       14.7        12.3          9.7           93875.5,,,,,,,,,,,,
  Nov. 24      14.7         0.0          1.8        12.9       0.0     0.0       14.7        12.3          8.3           93846.4,,,,,,,,,,,,
  Nov. 23      12.3         0.0          1.5        10.8       0.0     0.0       12.3        11.7          8.3           93817.3,,,,,,,,,,,,
  Nov. 22      10.7         0.0          1.3         9.4       0.0     0.0       10.7        11.6         13.0           93792.9,,,,,,,,,,,,
  Nov. 21       9.2         0.0          1.2         8.1       0.0     0.0        9.2        11.1         17.2           93771.6,,,,,,,,,,,,
  Nov. 20      14.7         0.0          1.8        12.9       0.0     0.0       14.7         7.1         22.0           93753.4,,,,,,,,,,,,
  Nov. 19      11.8         0.0          1.5        10.3       0.0     0.0       11.8         4.3         29.0           93724.4,,,,,,,,,,,,
  Nov. 18      11.8         0.0          1.5        10.3       0.0     0.0       11.8         4.8         35.5           93701.1,,,,,,,,,,,,
  Nov. 17      10.5         0.0          1.3         9.2       0.0     2.2        8.2        14.4         40.6           93677.7,,,,,,,,,,,,
  Nov. 16       7.1         0.0          0.9         6.2       0.0    18.1      -11.0        23.2         46.4           93661.4,,,,,,,,,,,,
  Nov. 15      13.0         0.0          1.6        11.4       0.0    12.4        0.6        37.0         54.0           93683.2,,,,,,,,,,,,
  Nov. 14      14.4         0.0          1.8        12.6       0.0     0.0       14.4        53.8         58.7           93682.0,,,,,,,,,,,,
  Nov. 13      59.9        35.4         11.9        12.6       0.0     0.0       59.9        66.3         63.0           93653.5,,,,,,,,,,,,
  Nov. 12      52.3        30.3         11.6        10.3       0.0     0.0       52.3        66.9         67.8           93534.9,,,,,,,,,,,,
  Nov. 11      57.6        30.3         17.0        10.3       0.0     0.0       57.6        69.5         74.4           93431.4,,,,,,,,,,,,
  Nov. 10      84.6        45.5         23.1        16.1       0.0     0.0       84.6        71.0         79.2           93317.3,,,,,,,,,,,,
  Nov.  9      76.9        40.4         22.7        13.7       0.0     0.0       76.9        63.6         80.3           93149.8,,,,,,,,,,,,
  Nov.  8      62.9        30.3         22.2        10.3       0.0     0.0       62.9        59.7         27.7           92997.5,,,,,,,,,,,,
  Nov.  7      65.4        30.4         24.2        10.8       0.0     0.0       65.4        68.8         20.0           92873.0,,,,,,,,,,,,
  Nov.  6      65.4        30.4         24.2        10.8       0.0     0.0       65.4        79.3         26.1           92743.5,,,,,,,,,,,,
  Nov.  5      68.2        30.3         27.6        10.3       0.0    20.7       47.5        87.4         34.3           92614.0,,,,,,,,,,,,
  Nov.  4      81.3        35.5         33.1        12.6       0.0    24.2       57.1        97.1         42.9           92519.9,,,,,,,,,,,,
  Nov.  3     108.6        47.5         44.4        16.6       0.0     0.0      108.6        -4.3         49.9           92406.9,,,,,,,,,,,,
  Nov.  2     117.9        50.7         50.0        17.2       0.0     0.0      117.9       -28.8         51.8           92192.0,,,,,,,,,,,,
  Nov.  1     106.1        45.7         44.3        16.1       0.0     0.0      106.1       -27.2         52.7           91958.6,,,,,,,,,,,,
  Oct. 31      95.8        39.4         42.8        13.6       0.0     0.0       95.8       -18.8         48.3           91748.6,,,,,,,,,,,,
  Oct. 30      77.0        29.4         37.4        10.2       0.0   526.6     -449.7       -11.2          6.3           91559.0,,,,,,,,,,,,
  Oct. 29     116.8        45.7         55.0        16.1       0.0   130.6      -13.9       104.1         40.5           92449.4,,,,,,,,,,,,
  Oct. 28     125.9        49.5         59.3        17.0       0.0     0.0      125.9       132.4         28.3           92476.8,,,,,,,,,,,,
  Oct. 27     147.9        55.8         73.2        18.9       0.0     0.0      147.9       132.6         29.2           92227.6,,,,,,,,,,,,
  Oct. 26     133.6        50.7         65.7        17.2       0.0     0.0      133.6       115.3         21.5           91934.8,,,,,,,,,,,,
  Oct. 25     127.2        45.7         65.5        16.1       0.0     0.0      127.2        23.7         19.5           91670.2,,,,,,,,,,,,
  Oct. 24     127.3        45.7         65.5        16.1       0.0     0.0      127.3       -23.1         26.6           91418.3,,,,,,,,,,,,
  Oct. 23     127.2        45.7         65.5        16.1       0.0     0.0      127.2       -75.8         34.4           91166.3,,,,,,,,,,,,
  Oct. 22     125.1        44.6         64.7        15.7       0.0    63.8       61.3       -74.3         41.5           90914.4,,,,,,,,,,,,
  Oct. 21     114.3        40.6         60.0        13.8       0.0   438.6     -324.3       -72.4         55.9           90793.0,,,,,,,,,,,,
  Oct. 20     130.2        47.5         66.2        16.4       0.0   237.1     -106.9        15.2        109.4           91435.1,,,,,,,,,,,,
  Oct. 19     142.1        52.6         72.0        17.6       0.0   278.5     -136.4        76.3        138.2           91646.8,,,,,,,,,,,,
  Oct. 18     136.5        49.5         69.9        17.0       0.0     1.6      134.9       144.6        166.2           91916.9,,,,,,,,,,,,
  Oct. 17     128.1        46.2         65.7        16.1       0.0    57.2       70.8       157.3        167.1           91649.9,,,,,,,,,,,,
  Oct. 16     117.7        42.4         60.8        14.4       0.0     3.9      113.7       184.2        158.7           91509.6,,,,,,,,,,,,
  Oct. 15     198.3        72.9        101.3        24.1       0.0     0.0      198.3       203.5        130.6           91284.4,,,,,,,,,,,,
  Oct. 14     205.4        76.1        104.0        25.3       0.0     0.0      205.4       200.0        119.9           90891.8,,,,,,,,,,,,
  Oct. 13     198.2        72.5        101.6        24.1       0.0     0.0      198.2       187.8         98.5           90485.0,,,,,,,,,,,,
  Oct. 12     205.4        76.1        104.0        25.3       0.0     0.0      205.4       176.9         86.9           90092.6,,,,,,,,,,,,
  Oct. 11     210.3        78.9        105.6        25.8       0.0     0.0      210.3       133.1         89.8           89685.9,,,,,,,,,,,,
  Oct. 10     180.8        66.0         93.0        21.8       0.0     0.0      180.8        57.7         93.1           89269.4,,,,,,,,,,,,
  Oct.  9     144.3        52.6         73.9        17.8       0.0     0.0      144.3        39.7         90.8           88911.3,,,,,,,,,,,,
  Oct.  8     143.8        52.0         74.1        17.7       0.0     0.0      143.8         9.1        101.1           88625.7,,,,,,,,,,,,
  Oct.  7     140.1        51.5         71.3        17.3       0.0   153.7      -13.6        -3.1        112.9           88341.0,,,,,,,,,,,,
  Oct.  6     158.1        58.9         79.8        19.4       0.0   325.1     -167.0        46.6        139.7           88367.9,,,,,,,,,,,,
  Oct.  5     146.3        54.8         73.6        17.9       0.0    55.2       91.1       128.5        179.3           88698.6,,,,,,,,,,,,
  Oct.  4     181.2        66.3         93.0        21.8       0.0   190.0       -8.8       141.8        191.9           88518.3,,,,,,,,,,,,
  Oct.  3     205.9        76.5        104.0        25.3       0.0   122.9       83.0       193.1        214.7           88535.7,,,,,,,,,,,,
  Oct.  2     234.7        86.7        120.4        27.5       0.0     0.0      234.6       228.8        228.1           88371.5,,,,,,,,,,,,
  Oct.  1     242.7        89.7        123.9        29.0       0.0     0.0      242.7       232.9        212.8           87906.9,,,,,,,,,,,,
  Sep. 30     208.9        77.1        106.2        25.6       0.0    51.2      157.7       230.0        181.6           87426.4,,,,,,,,,,,,
  Sep. 29     247.7        91.9        126.0        29.9       0.0     0.0      247.7       242.0        189.8           87114.1,,,,,,,,,,,,
  Sep. 28     261.5        96.7        133.6        31.2       0.0     0.0      261.5       236.3        188.5           86623.6,,,,,,,,,,,,
  Sep. 27     254.8        94.7        130.0        30.1       0.0     0.0      254.8       227.4        188.2           86105.9,,,,,,,,,,,,
  Sep. 26     228.4        84.6        116.6        27.2       0.0     0.0      228.4       192.7        188.4           85601.3,,,,,,,,,,,,
  Sep. 25     217.7        81.7        109.5        26.4       0.0     0.0      217.7       133.1        191.5           85149.1,,,,,,,,,,,,
  Sep. 24     219.1        80.5        112.3        26.2       0.0     0.0      219.1       137.6        195.6           84718.1,,,,,,,,,,,,
  Sep. 23     217.7        81.7        109.5        26.4       0.0     0.4      217.3       140.8        199.5           84284.4,,,,,,,,,,,,
  Sep. 22     171.6        63.2         88.3        20.1       0.0    90.6       81.0       148.9        203.1           83854.1,,,,,,,,,,,,
  Sep. 21     228.0        84.6        116.6        26.8       0.0   297.4      -69.3       184.1        219.6           83693.7,,,,,,,,,,,,
  Sep. 20     239.9        89.7        122.1        28.1       0.0     0.0      239.9       249.9        253.0           83831.0,,,,,,,,,,,,
  Sep. 19     234.9        86.9        120.4        27.6       0.0     0.0      234.9       253.6        254.5           83356.0,,,,,,,,,,,,
  Sep. 18     258.2        97.1        131.2        29.9       0.0     0.0      258.2       258.3        256.1           82890.9,,,,,,,,,,,,
  Sep. 17     258.2        97.1        131.2        29.9       0.0     1.2      257.0       257.3        255.7           82379.6,,,,,,,,,,,,
  Sep. 16     259.4        99.2        130.5        29.7       0.0     0.0      259.4       255.1        237.0           81870.7,,,,,,,,,,,,
  Sep. 15     263.7       101.8        131.7        30.1       0.0     5.1      258.6       256.2        233.0           81357.2,,,,,,,,,,,,
  Sep. 14     258.7        99.0        130.1        29.7       0.0     0.3      258.5       255.4        230.1           80845.2,,,,,,,,,,,,
  Sep. 13     274.1       106.1        137.0        31.1       0.0    21.3      252.8       253.8        200.2           80333.4,,,,,,,,,,,,
  Sep. 12     259.9       100.0        130.1        29.8       0.0    13.5      246.4       254.2        191.4           79832.7,,,,,,,,,,,,
  Sep. 11     264.5       100.9        133.5        30.2       0.0     0.0      264.5       218.8        183.9           79344.9,,,,,,,,,,,,
  Sep. 10     255.0        98.6        127.6        28.7       0.0     0.2      254.7       209.9        178.1           78821.2,,,,,,,,,,,,
  Sep.  9     256.6        98.3        129.2        29.0       0.0     5.8      250.7       204.8        177.9           78316.8,,,,,,,,,,,,
  Sep.  8     254.4        97.2        128.5        28.7       0.0     0.0      254.4       146.5        181.8           77820.3,,,,,,,,,,,,
  Sep.  7     253.4        98.2        127.2        28.1       0.0   183.8       69.6       128.7        173.2           77316.6,,,,,,,,,,,,
  Sep.  6     248.5        95.2        125.7        27.6       0.0    28.5      219.9       149.0        194.4           77178.7,,,,,,,,,,,,
  Sep.  5     230.1        87.8        116.3        26.0       0.0     1.0      229.1       146.4        180.1           76743.2,,,,,,,,,,,,
  Sep.  4     232.7        88.8        118.0        26.0       0.0   273.2      -40.5       151.0        167.6           76289.6,,,,,,,,,,,,
  Sep.  3     257.5        99.1        130.1        28.4       0.0    92.3      165.2       217.0        161.6           76369.9,,,,,,,,,,,,
  Sep.  2     280.7       108.7        140.7        31.3       0.0   109.4      171.3       217.8        167.5           76042.8,,,,,,,,,,,,
  Sep.  1     296.0       113.4        149.9        32.8       0.0    89.2      206.9       239.8        167.6           75703.6,,,,,,,,,,,,
  Aug. 31     290.0       113.9        143.7        32.5       0.0    37.8      252.2       213.8        177.6           75294.0,,,,,,,,,,,,
  Aug. 30     289.4       111.9        146.0        31.5       0.0     0.0      289.4       184.2        164.8           74794.7,,,,,,,,,,,,
  Aug. 29     276.1       108.6        137.4        30.2       0.0   107.0      169.2       106.2        164.0           74221.7,,,,,,,,,,,,
  Aug. 28     287.4       111.0        145.2        31.3       0.0     6.3      281.1       117.3        179.6           73886.7,,,,,,,,,,,,
  Aug. 27     252.3        96.5        127.8        27.9       0.0   175.1       77.2        95.5        186.4           73330.1,,,,,,,,,,,,
  Aug. 26     284.9       111.9        142.0        31.0       0.0   180.6      104.3       141.3        207.8           73177.3,,,,,,,,,,,,
  Aug. 25     273.9       107.1        136.8        30.0       0.0   374.5     -100.6       145.3        231.3           72970.8,,,,,,,,,,,,
  Aug. 24     281.4       110.1        140.6        30.7       0.0    56.8      224.5       221.8        268.2           73170.1,,,,,,,,,,,,
  Aug. 23     253.1        98.0        128.2        26.9       0.0    81.1      172.0       242.0        281.1           72725.5,,,,,,,,,,,,
  Aug. 22     311.5       121.3        157.1        33.1       0.0     5.2      306.3       277.3        297.9           72384.8,,,,,,,,,,,,
  Aug. 21     318.3       123.7        160.9        33.7       0.0   194.1      124.3       274.2        300.6           71778.4,,,,,,,,,,,,
  Aug. 20     327.0       128.4        164.0        34.6       0.0    45.0      282.0       317.3        292.9           71532.4,,,,,,,,,,,,
  Aug. 19     325.2       127.4        163.5        34.4       0.0     0.0      325.2       314.5        282.0           70974.0,,,,,,,,,,,,
  Aug. 18     358.1       140.0        179.7        38.4       0.0     9.1      349.0       320.2        253.5           70330.1,,,,,,,,,,,,
  Aug. 17     341.4       135.2        170.0        36.2       0.0    50.8      290.6       318.5        249.6           69639.1,,,,,,,,,,,,
  Aug. 16     341.0       135.2        169.9        35.9       0.0     1.2      339.8       327.0        255.6           69063.7,,,,,,,,,,,,
  Aug. 15     345.2       136.1        172.7        36.4       0.0    77.2      268.0       268.5        259.3           68390.8,,,,,,,,,,,,
  Aug. 14     353.7       140.5        176.1        37.1       0.0     0.0      353.7       249.5        268.8           67860.1,,,,,,,,,,,,
  Aug. 13     340.2       133.2        171.1        35.8       0.0     0.0      340.2       186.8        266.5           67159.8,,,,,,,,,,,,
  Aug. 12     333.3       130.9        167.2        35.2       0.0     0.0      333.3       180.8        260.5           66486.3,,,,,,,,,,,,
  Aug. 11     319.6       123.7        162.7        33.2       0.0   272.5       47.1       184.1        247.6           65826.4,,,,,,,,,,,,
  Aug. 10     312.8       122.6        158.0        32.2       0.0   139.6      173.2       250.1        273.9           65733.1,,,,,,,,,,,,
  Aug.  9     312.8       122.6        158.0        32.1       0.0   272.5       40.3       288.1        254.1           65390.1,,,,,,,,,,,,
  Aug.  8     310.1       121.3        156.9        31.9       0.0     0.0      310.1       346.1        255.8           65310.3,,,,,,,,,,,,
  Aug.  7     349.8       138.5        174.6        36.7       0.0     0.0      349.8       340.2        220.0           64696.3,,,,,,,,,,,,
  Aug.  6     377.1       148.2        190.1        38.9       0.0     0.0      377.1       311.0        201.2           64003.6,,,,,,,,,,,,
  Aug.  5     363.2       142.6        183.1        37.5       0.0     0.0      363.2       297.6        189.2           63256.9,,,,,,,,,,,,
  Aug.  4     338.8       133.2        170.9        34.7       0.0     8.4      330.4       220.1        182.5           62537.8,,,,,,,,,,,,
  Aug.  3     291.6       114.0        147.2        30.4       0.0    11.3      280.3       165.6        184.7           61883.5,,,,,,,,,,,,
  Aug.  2     312.8       122.6        158.0        32.1       0.0   108.7      204.1        99.9        191.9           61328.5,,,,,,,,,,,,
  Aug.  1     310.0       121.2        157.0        31.8       0.0     0.0      310.0        91.4        201.4           60924.5,,,,,,,,,,,,
  July 31     295.5       115.1        150.6        29.9       0.0   319.7      -24.1        80.8        203.8           60310.7,,,,,,,,,,,,
  July 30     315.0       122.6        160.0        32.4       0.0   257.4       57.6       144.9        232.8           60358.5,,,,,,,,,,,,
  July 29     305.1       118.4        155.3        31.4       0.0   353.2      -48.2       203.8        259.0           60244.6,,,,,,,,,,,,
  July 28     345.9       137.3        173.3        35.4       0.0   184.1      161.8       284.0        284.4           60339.9,,,,,,,,,,,,
  July 27     329.3       129.4        166.1        33.8       0.0    72.3      257.0       311.5        297.1           60019.5,,,,,,,,,,,,
  July 26     348.5       138.5        174.4        35.6       0.0    52.5      296.0       326.7        303.9           59510.6,,,,,,,,,,,,
  July 25     359.3       141.6        181.3        36.3       0.0     7.1      352.2       320.6        304.8           58924.5,,,,,,,,,,,,
  July 24     352.7       140.5        176.0        36.2       0.0     0.0      352.7       314.1        287.3           58227.1,,,,,,,,,,,,
  July 23     328.9       129.0        166.3        33.7       0.0    29.6      299.3       284.9        265.3           57528.7,,,,,,,,,,,,
  July 22     360.1       141.6        181.4        37.0       0.0    26.7      333.3       282.8        269.1           56936.1,,,,,,,,,,,,
  July 21     341.4       134.9        171.7        34.8       0.0    75.7      265.7       281.0        265.2           56276.2,,,,,,,,,,,,
  July 20     319.8       124.4        162.7        32.8       0.0     0.2      319.6       288.9        233.7           55750.0,,,,,,,,,,,,
  July 19     328.9       128.9        166.5        33.6       0.0   122.3      206.6       260.5        212.8           55117.2,,,,,,,,,,,,
  July 18     305.8       119.1        155.3        31.4       0.0    16.9      289.0       245.7        188.3           54708.1,,,,,,,,,,,,
  July 17     324.1       127.1        163.8        33.2       0.0     0.0      324.1       255.4        167.2           54136.0,,,,,,,,,,,,
  July 16     321.1       126.7        161.6        32.8       0.0    16.0      305.2       249.4        155.9           53494.2,,,,,,,,,,,,
  July 15     309.1       121.3        156.1        31.7       0.0   131.2      177.9       178.5        121.5           52890.0,,,,,,,,,,,,
  July 14     323.3       127.8        162.5        33.1       0.0   190.7      132.6       165.1        106.0           52537.8,,,,,,,,,,,,
  July 13     341.4       134.4        171.1        35.8       0.0     4.2      337.2       130.8        119.9           52275.2,,,,,,,,,,,,
  July 12     341.5       136.0        169.7        35.8       0.0    47.2      294.3        79.0         78.1           51607.6,,,,,,,,,,,,
  July 11     318.7       124.9        160.8        33.0       0.0   368.2      -49.5        62.5         46.8           51024.9,,,,,,,,,,,,
  July 10     290.1       113.7        146.2        30.2       0.0   179.2      110.9        64.5         88.8           51122.9,,,,,,,,,,,,
  July  9     320.2       126.0        160.9        33.3       0.0   359.0      -38.8        46.8        109.0           50903.2,,,,,,,,,,,,
  July  8     309.6       121.8        156.1        31.7       0.0   231.6       77.9       109.1        148.0           50979.9,,,,,,,,,,,,
  July  7     265.2       103.6        133.7        28.0       0.0    53.6      211.6        77.3        156.3           50825.6,,,,,,,,,,,,
  July  6     321.1       126.2        161.0        33.9       0.0   360.5      -39.4        31.1        146.0           50406.6,,,,,,,,,,,,
  July  5     319.0       126.3        159.1        33.6       0.0   296.3       22.7       113.1        167.8           50484.7,,,,,,,,,,,,
  July  4     321.1       127.3        159.9        33.8       0.0    48.7      272.4       171.1        184.7           50439.7,,,,,,,,,,,,
  July  3     321.3       126.5        161.0        33.8       0.0   402.3      -81.0       187.0        189.7           49900.3,,,,,,,,,,,,
  July  2     378.1       149.2        189.1        39.8       0.0   397.1      -19.0       235.3        235.5           50060.6,,,,,,,,,,,,
  July  1     383.1       151.4        191.3        40.3       0.0    12.9      370.2       260.9        279.4           50098.3,,,,,,,,,,,,
  June 30     380.2       150.3        189.9        40.0       0.0    67.1      313.1       222.4        283.9           49365.3,,,,,,,,,,,,
  June 29     356.6       140.9        178.5        37.3       0.0     4.6      352.0       198.2        292.6           48745.4,,,,,,,,,,,,
  June 28     349.0       136.6        175.8        36.7       0.0   188.6      160.5       192.4        291.4           48048.6,,,,,,,,,,,,
  June 27     340.2       135.5        169.1        35.6       0.0   231.2      109.0       235.7        314.7           47730.9,,,,,,,,,,,,
  June 26     378.6       149.6        189.1        39.8       0.0   200.9      177.7       297.8        341.8           47515.0,,,,,,,,,,,,
  June 25     357.5       142.7        176.7        38.1       0.0   165.5      192.0       345.4        354.8           47163.2,,,,,,,,,,,,
  June 24     329.2       129.1        164.7        35.4       0.0     6.4      322.8       387.0        360.5           46783.0,,,,,,,,,,,,
  June 23     376.9       149.7        187.5        39.7       0.0     0.0      376.9       390.3        361.3           46143.8,,,,,,,,,,,,
  June 22     419.7       165.5        209.0        45.1       0.0     0.0      419.7       393.7        343.8           45397.6,,,,,,,,,,,,
  June 21     415.6       163.3        207.2        45.1       0.0     0.0      415.6       385.7        333.0           44566.6,,,,,,,,,,,,
  June 20     400.1       157.8        199.0        43.3       0.0     0.0      400.1       364.2        326.0           43743.7,,,,,,,,,,,,
  June 19     375.9       148.9        186.6        40.5       0.0    36.6      339.3       334.0        317.7           42951.5,,,,,,,,,,,,
  June 18     393.8       152.5        198.5        42.7       0.0     0.0      393.8       332.2        278.0           42279.7,,,,,,,,,,,,
  June 17     386.9       152.2        193.2        41.6       0.0     7.1      379.8       294.0        265.5           41500.0,,,,,,,,,,,,
  June 16     307.9       120.7        153.7        33.5       0.0     0.0      307.9       280.3        244.9           40748.0,,,,,,,,,,,,
  June 15     342.0       136.0        169.3        36.8       0.0    93.0      249.0       287.8        245.5           40138.3,,,,,,,,,,,,
  June 14     345.5       136.0        171.4        38.1       0.0    14.9      330.6       301.5        243.4           39645.2,,,,,,,,,,,,
  June 13     337.8       132.1        168.9        36.8       0.0   135.1      202.6       223.8        248.2           38990.6,,,,,,,,,,,,
  June 12     338.1       133.7        167.4        37.0       0.0    26.9      311.2       237.0        265.2           38589.4,,,,,,,,,,,,
  June 11     345.5       135.9        171.4        38.1       0.0     0.0      345.5       209.5        272.2           37973.1,,,,,,,,,,,,
  June 10     341.3       135.0        168.6        37.7       0.0    23.7      317.6       203.1        270.4           37289.0,,,,,,,,,,,,
  June  9     305.2       118.8        152.9        33.4       0.0   363.2      -58.1       185.4        271.8           36660.1,,,,,,,,,,,,
  June  8     334.4       132.5        164.8        37.0       0.0    65.9      268.5       272.6        307.8           36775.1,,,,,,,,,,,,
  June  7     353.2       140.1        174.2        38.9       0.0   179.5      173.7       293.4        316.4           36243.5,,,,,,,,,,,,
  June  6     338.6       133.5        167.6        37.5       0.0    24.8      313.9       335.0        334.3           35899.5,,,,,,,,,,,,
  June  5     340.6       134.5        168.3        37.7       0.0   111.7      228.9       337.6        336.6           35278.1,,,,,,,,,,,,
  June  4     378.1       147.7        188.7        41.8       0.0     0.0      378.1       358.2        344.5           34825.0,,,,,,,,,,,,
  June  3     372.3       145.3        185.6        41.4       0.0     0.0      372.3       343.0        319.3           34076.3,,,,,,,,,,,,
  June  2     381.6       147.7        191.4        42.6       0.0     0.0      381.6       339.4        298.2           33339.1,,,,,,,,,,,,
  June  1     365.8       142.2        182.5        41.1       0.0    38.6      327.2       333.7        287.8           32583.5,,,,,,,,,,,,
  May  31     346.4       135.8        171.5        39.0       0.0    14.7      331.7       335.5        282.5           31935.7,,,,,,,,,,,,
  May  30     316.2       121.8        158.9        35.6       0.0    14.2      302.0       330.8        228.3           31279.0,,,,,,,,,,,,
  May  29     355.7       138.1        177.5        40.2       0.0     1.2      354.4       295.6        230.5           30681.0,,,,,,,,,,,,
  May  28     353.0       136.8        176.3        39.9       0.0     0.0      353.0       257.1        224.2           29979.2,,,,,,,,,,,,
  May  27     336.4       131.2        166.9        38.3       0.0     0.0      336.4       241.9        213.5           29280.3,,,,,,,,,,,,
  May  26     311.6       120.4        155.9        35.3       0.0     3.6      307.9       229.5        208.0           28614.1,,,,,,,,,,,,
  May  25     275.8       106.4        137.9        31.5       0.0   149.4      126.5       125.8        191.7           28004.4,,,,,,,,,,,,
  May  24     256.3        98.7        128.5        29.1       0.0    94.7      161.6       165.3        189.3           27754.0,,,,,,,,,,,,
  May  23     277.3       106.9        138.2        32.1       0.0     0.0      277.3       191.2        191.6           27434.0,,,,,,,,,,,,
  May  22     274.4       105.3        137.2        31.9       0.0     0.0      274.4       185.1        143.9           26885.0,,,,,,,,,,,,
  May  21     278.2       105.1        140.8        32.3       0.0   488.9     -210.7       186.5         97.9           26341.8,,,,,,,,,,,,
  May  20     324.0       123.8        162.8        37.4       0.0     0.0      324.0       257.5        148.7           26759.1,,,,,,,,,,,,
  May  19     304.7       116.9        152.8        35.0       0.0    13.3      291.3       213.4        138.3           26117.5,,,,,,,,,,,,
  May  18     317.3       121.5        158.9        36.9       0.0    71.0      246.3       192.0        133.7           25540.7,,,,,,,,,,,,
  May  17     281.8       109.1        139.7        33.0       0.0     0.0      281.8       102.7        137.2           25053.0,,,,,,,,,,,,
  May  16     221.5        83.2        112.3        26.0       0.0    77.2      144.3         9.3        137.0           24495.1,,,,,,,,,,,,
  May  15     252.3        95.8        127.1        29.4       0.0   149.2      103.1        39.8        150.0           24209.3,,,,,,,,,,,,
  May  14     301.7       115.3        150.7        35.7       0.0   117.3      184.4        63.3        144.7           24005.2,,,,,,,,,,,,
  May  13     247.2        93.2        125.3        28.8       0.0   447.3     -200.1        75.4        119.4           23640.2,,,,,,,,,,,,
  May  12     264.4       100.4        132.7        31.3       0.0   449.6     -185.2       171.7        162.8           24036.3,,,,,,,,,,,,
  May  11     296.9       114.1        148.0        34.8       0.0     0.0      296.9       264.7        214.2           24402.9,,,,,,,,,,,,
  May  10     269.4       103.3        134.2        31.8       0.0    49.0      220.4       260.2        218.3           23815.1,,,,,,,,,,,,
  May   9     244.8        91.6        124.3        28.9       0.0     0.0      244.8       226.2        228.6           23378.8,,,,,,,,,,,,
  May   8     281.6       106.1        142.3        33.3       0.0     0.0      281.6       163.4        232.5           22894.0,,,,,,,,,,,,
  May   7     279.7       106.9        139.3        33.4       0.0     0.0      279.7       153.8        226.6           22336.4,,,,,,,,,,,,
  May   6     275.0       104.7        137.3        33.0       0.0     0.4      274.6       163.7        208.8           21782.7,,,,,,,,,,,,
  May   5     251.9        94.7        127.1        30.1       0.0   201.8       50.2       176.4        156.2           21238.9,,,,,,,,,,,,
  May   4     289.2       109.4        145.3        34.6       0.0   358.2      -69.0       231.0        178.5           21139.6,,,,,,,,,,,,
  May   3     304.4       114.8        152.8        36.9       0.0    70.8      233.5       301.7        177.8           21276.2,,,,,,,,,,,,
  May   2     334.0       126.6        167.4        40.0       0.0     4.7      329.3       299.4        179.3           20813.9,,,,,,,,,,,,
  May   1     338.0       128.6        168.4        40.9       0.0     0.0      338.0       253.9        174.1           20161.9,,,,,,,,,,,,
  Apr. 30     323.2       123.3        160.9        39.0       0.0     0.0      323.2       136.1        169.3           19492.7,,,,,,,,,,,,
  Apr. 29     284.4       107.3        143.0        34.1       0.0     0.0      284.4       126.0        157.3           18852.8,,,,,,,,,,,,
  Apr. 28     222.2        83.0        112.2        26.9       0.0     0.0      222.2        53.8        154.9           18289.8,,,,,,,,,,,,
  Apr. 27     186.4        68.6         95.0        22.7       0.0    84.7      101.7        59.2        158.0           17849.8,,,,,,,,,,,,
  Apr. 26     172.7        62.4         89.1        21.2       0.0   423.8     -251.1        94.4        169.3           17648.4,,,,,,,,,,,,
  Apr. 25     273.1       103.1        136.6        33.4       0.0     0.0      273.1       202.6        214.8           18145.6,,,,,,,,,,,,
  Apr. 24     255.1        94.8        129.3        31.0       0.0   331.7      -76.6       188.6        213.3           17604.9,,,,,,,,,,,,
  Apr. 23     274.1       103.7        137.1        33.4       0.0    25.3      248.9       255.9        240.6           17756.7,,,,,,,,,,,,
  Apr. 22     277.8       105.4        138.5        34.0       0.0     0.0      277.8       256.9        225.1           17264.0,,,,,,,,,,,,
  Apr. 21     289.9       108.8        145.4        35.7       0.0     0.0      289.9       244.1        220.2           16713.9,,,,,,,,,,,,
  Apr. 20     266.7        99.4        134.7        32.7       0.0    63.5      203.3       227.0        219.9           16139.8,,,,,,,,,,,,
  Apr. 19     262.8        98.6        131.8        32.3       0.0     2.9      259.8       237.9        226.1           15737.3,,,,,,,,,,,,
  Apr. 18     254.4        95.6        127.7        31.1       0.0     0.9      253.5       225.2        223.2           15222.9,,,,,,,,,,,,
  Apr. 17     219.3        81.0        111.0        27.3       0.0     5.2      214.1       193.3        223.8           14720.9,,,,,,,,,,,,
  Apr. 16     204.3        75.8        103.3        25.2       0.0     0.0      204.3       196.3        230.2           14297.1,,,,,,,,,,,,
  Apr. 15     259.7        97.0        130.8        31.9       0.0     2.0      257.6       212.7        237.3           13892.5,,,,,,,,,,,,
  Apr. 14     248.7        92.3        125.6        30.8       0.0    52.3      196.4       214.4        238.2           13382.4,,,,,,,,,,,,
  Apr. 13     190.8        69.5         97.5        23.8       0.0    96.4       94.4       221.3        243.1           12993.7,,,,,,,,,,,,
  Apr. 12     233.2        86.8        117.6        28.8       0.0     4.4      228.7       254.2        255.4           12806.8,,,,,,,,,,,,
  Apr. 11     286.6       107.3        143.9        35.4       0.0     0.0      286.6       264.1        256.7           12353.9,,,,,,,,,,,,
  Apr. 10     265.8        99.8        132.9        33.1       0.0     0.0      265.8       261.9        254.2           11786.4,,,,,,,,,,,,
  Apr.  9     230.8        86.5        115.7        28.5       0.0     0.0      230.8       262.1        250.8           11260.1,,,,,,,,,,,,
  Apr.  8     259.3        96.4        130.8        32.1       0.0     0.0      259.3       264.9        248.3           10803.2,,,,,,,,,,,,
  Apr.  7     278.0       104.5        138.6        34.8       0.0     0.0      278.0       256.5        246.2           10289.7,,,,,,,,,,,,
  Apr.  6     275.4       103.3        137.5        34.6       0.0     0.0      275.4       249.2        241.7            9739.3,,,,,,,,,,,,
  Apr.  5     267.1       100.0        133.9        33.3       0.0     0.0      267.1       246.6        235.6            9194.1,,,,,,,,,,,,
  Apr.  4     244.6        91.0        123.4        30.2       0.0     0.0      244.6       239.5        224.2            8665.1,,,,,,,,,,,,
  Apr.  3     217.6        79.2        111.0        27.5       0.0     0.0      217.6       231.7        216.3            8180.8,,,,,,,,,,,,
  Apr.  2     241.3        88.1        122.0        31.3       0.0     0.0      241.3       235.8        212.4            7749.9,,,,,,,,,,,,
  Apr.  1     262.6        94.7        133.4        34.5       0.0     0.1      262.5       234.1        206.3            7272.0,,,,,,,,,,,,
  Mar. 31     232.2        83.5        117.0        31.7       0.0     0.8      231.4       224.5        197.1            6752.3,,,,,,,,,,,,
  Mar. 30     221.6        80.7        110.2        30.7       0.0    16.0      205.6       208.8        187.9            6294.1,,,,,,,,,,,,
  Mar. 29     238.4        85.9        118.7        33.7       0.0     0.0      238.4       200.8        177.8            5887.1,,,,,,,,,,,,
  Mar. 28     232.8        85.8        113.3        33.7       0.0     0.0      232.8       188.9        133.1            5415.1,,,,,,,,,,,,
  Mar. 27     214.2        77.1        105.6        31.5       0.0     0.0      214.2       178.4        107.0            4954.1,,,,,,,,,,,,
  Mar. 26     153.1        58.3         71.9        23.0       0.0     0.0      153.1       169.7         87.1            4530.0,,,,,,,,,,,,
  Mar. 25     165.6        59.6         80.3        25.7       0.0     0.0      165.6       166.9         85.2            4226.7,,,,,,,,,,,,
  Mar. 24     178.8        64.8         85.3        28.7       0.0     0.0      178.8       154.8         80.6            3898.9,,,,,,,,,,,,
  Mar. 23     180.1        64.9         86.2        29.1       0.0     0.0      180.1        77.3         69.1            3544.8,,,,,,,,,,,,
  Mar. 22     170.8        63.7         78.3        28.7       0.0     0.0      170.8        35.6         53.0            3188.2,,,,,,,,,,,,
  Mar. 21     142.6        53.1         65.2        24.2       0.0     3.3      139.2         4.6         44.6            2850.1,,,,,,,,,,,,
  Mar. 20     122.7        45.3         56.3        21.2       0.0    17.7      105.0         3.6         40.9            2574.4,,,,,,,,,,,,
  Mar. 19      97.5        34.8         44.6        18.1       0.0   306.3     -208.7         6.4         39.0            2366.5,,,,,,,,,,,,
  Mar. 18     114.0        39.6         53.1        21.3       0.0   142.2      -28.2        61.0         65.1            2779.8,,,,,,,,,,,,
  Mar. 17     119.9        41.9         54.7        23.3       0.0   104.2       15.7        70.4         75.7            2835.7,,,,,,,,,,,,
  Mar. 16     134.2        46.0         61.8        26.4       0.0     0.0      134.2        84.5         81.4            2804.6,,,,,,,,,,,,
  Mar. 15     118.9        43.6         51.0        24.3       0.0     0.0      118.9        78.2         74.1            2538.9,,,,,,,,,,,,
  Mar. 14     104.9        37.3         45.2        22.3       0.0    40.4       64.5        71.6         66.4            2303.5,,,,,,,,,,,,
  Mar. 13      99.2        34.9         42.6        21.8       0.0    80.3       18.9        69.2         60.3            2175.8,,,,,,,,,,,,
  Mar. 12      89.1        31.8         36.9        20.3       0.0     3.0       86.1        81.0         57.1            2138.4,,,,,,,,,,,,
  Mar. 11     102.7        35.7         43.1        23.9       0.0     0.0      102.7        78.3         54.3            1967.9,,,,,,,,,,,,
  Mar. 10      86.0        30.7         34.3        20.9       0.0     0.0       86.0        70.0         49.7            1764.5,,,,,,,,,,,,
  Mar.  9      74.8        27.1         28.8        18.8       0.0    22.3       52.4        61.3         45.9            1594.3,,,,,,,,,,,,
  Mar.  8      77.7        27.9         29.0        20.8       0.0     0.2       77.6        51.3         32.4            1490.4,,,,,,,,,,,,
  Mar.  7      73.0        25.6         28.0        19.3       0.0     0.2       72.8        33.2         11.8            1336.8,,,,,,,,,,,,
  Mar.  6      61.4        20.5         23.3        17.6       0.0     0.0       61.4        30.3          9.7            1192.7,,,,,,,,,,,,
  Mar.  5      42.1        15.3         14.5        12.3       0.0     0.0       42.1        29.3         -2.6            1071.2,,,,,,,,,,,,
  Mar.  4      43.0        15.3         14.0        13.6       0.0    40.2        2.7        30.5         -9.7             987.8,,,,,,,,,,,,
  Mar.  3      54.4        20.5         17.7        16.2       0.0    67.4      -13.1        13.5         -8.9             982.4,,,,,,,,,,,,
  Mar.  2      61.2        21.6         20.8        18.8       0.0     2.6       58.6        -9.6         -5.2            1008.2,,,,,,,,,,,,
  Mar.  1      56.1        20.5         18.0        17.6       0.0     0.0       56.1       -10.9         -8.6             892.3,,,,,,,,,,,,
  Feb. 28      53.6        20.2         17.7        15.7       0.0     5.6       48.0       -34.6        -11.7             781.2,,,,,,,,,,,,
  Feb. 27      39.2        15.1         11.8        12.3       0.0   121.3      -82.0       -49.9        -14.5             686.2,,,,,,,,,,,,
  Feb. 26      39.2        15.1         11.8        12.3       0.0   167.9     -128.7       -31.3         -4.6             848.7,,,,,,,,,,,,
  Feb. 25      53.7        20.2         17.7        15.8       0.0     1.7       52.0        -0.7         10.0            1103.5,,,,,,,,,,,,
  Feb. 24      39.2        15.1         11.8        12.3       0.0   101.4      -62.1        -6.3          6.9            1000.5,,,,,,,,,,,,
  Feb. 23      39.2        15.1         11.8        12.3       0.0    67.9      -28.7        11.1         15.3            1123.5,,,,,,,,,,,,
  Feb. 22      17.5         0.0          2.2        15.3       0.0     6.4       11.1        21.0         20.2            1180.3,,,,,,,,,,,,
  Feb. 21      24.1         0.0          3.0        21.1       0.0     0.0       24.1        22.2         20.8            1158.4,,,,,,,,,,,,
  Feb. 20      23.9         0.0          3.0        20.9       0.0     0.0       23.9        20.8         17.4            1110.6,,,,,,,,,,,,
  Feb. 19      25.0         0.0          3.2        21.8       0.0     0.0       25.0        20.2         17.3            1063.3,,,,,,,,,,,,
  Feb. 18      20.8         0.0          2.6        18.2       0.0     0.0       20.8        19.6         17.1            1013.9,,,,,,,,,,,,
  Feb. 17      17.1         0.0          2.1        14.9       0.0     0.0       17.1        19.5         17.0             972.7,,,,,,,,,,,,
  Feb. 16      18.6         0.0          2.3        16.3       0.0     1.6       17.1        19.3         17.5             938.9,,,,,,,,,,,,
  Feb. 15      21.7         0.0          2.7        19.0       0.0     0.5       21.2        14.1         17.8             905.1,,,,,,,,,,,,
  Feb. 14      21.8         0.0          2.7        19.1       0.0     0.0       21.8        14.5         17.6             863.1,,,,,,,,,,,,
  Feb. 13      20.1         0.0          2.5        17.6       0.0     0.0       20.1        14.5         17.3             820.0,,,,,,,,,,,,
  Feb. 12      16.5         0.0          2.1        14.5       0.0     0.0       16.5        14.6         16.9             780.1,,,,,,,,,,,,
  Feb. 11      14.7         0.0          1.8        12.9       0.0    24.0       -9.3        15.7         16.7             747.4,,,,,,,,,,,,
  Feb. 10      23.2         0.0          2.9        20.3       0.0     0.0       23.2        21.6         18.8             765.8,,,,,,,,,,,,
  Feb.  9      22.1         0.0          2.8        19.3       0.0     0.0       22.1        20.7         16.1             719.8,,,,,,,,,,,,
  Feb.  8      20.5         0.0          2.6        17.9       0.0     0.0       20.5        20.0         12.6             676.0,,,,,,,,,,,,
  Feb.  7      21.8         0.0          2.7        19.0       0.0     0.0       21.8        19.2         11.2             635.5,,,,,,,,,,,,
  Feb.  6      20.5         0.0          2.6        18.0       0.0     0.0       20.5        17.7         10.7             592.4,,,,,,,,,,,,
  Feb.  5      18.6         0.0          2.3        16.3       0.0     0.0       18.6        16.0         10.2             551.7,,,,,,,,,,,,
  Feb.  4      18.6         0.0          2.3        16.3       0.0     0.0       18.6        11.5          9.7             514.9,,,,,,,,,,,,
  Feb.  3      16.5         0.0          2.1        14.5       0.0     0.0       16.5         5.2          9.3             478.0,,,,,,,,,,,,
  Feb.  2      14.2         0.0          1.8        12.5       0.0    -0.0       14.2         3.2          8.8             445.3,,,,,,,,,,,,
  Feb.  1      12.3         0.0          1.5        10.7       0.0     0.0       12.3         3.6          8.3             417.1,,,,,,,,,,,,
  Jan. 31       8.3         0.0          1.1         7.3       0.0    12.3       -4.0         4.4          7.0             392.9,,,,,,,,,,,,
  Jan. 30       9.2         0.0          1.2         8.0       0.0    22.3      -13.1         8.0          5.9             400.7,,,,,,,,,,,,
  Jan. 29      12.6         0.0          1.6        11.0       0.0     6.1        6.4        13.4          8.6             426.7,,,,,,,,,,,,
  Jan. 28      16.5         0.0          2.1        14.5       0.0     0.0       16.5        14.5          9.5             414.0,,,,,,,,,,,,
  Jan. 27      16.0         0.0          2.0        14.0       0.0     0.0       16.0        13.0          9.2             381.3,,,,,,,,,,,,
  Jan. 26      14.0         0.0          1.7        12.3       0.0    -0.0       14.0         9.5          9.0             349.6,,,,,,,,,,,,
  Jan. 25      14.0         0.0          1.7        12.3       0.0    -0.0       14.0         3.7          8.8             321.9,,,,,,,,,,,,
  Jan. 24      11.8         0.0          1.5        10.4       0.0     0.0       11.8         3.7          8.4             294.2,,,,,,,,,,,,
  Jan. 23       9.2         0.0          1.2         8.0       0.0    -0.0        9.2         4.5          7.1             270.8,,,,,,,,,,,,
  Jan. 22       5.2         0.0          0.6         4.6       0.0     6.5       -1.3         5.5          6.7             252.6,,,,,,,,,,,,
  Jan. 21      11.8         0.0          1.5        10.3       0.0    26.8      -15.0         8.5          5.5             255.2,,,,,,,,,,,,
  Jan. 20      14.0         0.0          1.7        12.3       0.0    -0.0       14.0        13.9          8.2             284.8,,,,,,,,,,,,
  Jan. 19      15.8         0.0          2.0        13.8       0.0     0.0       15.8        13.1          7.7             257.1,,,,,,,,,,,,
  Jan. 18      14.0         0.0          1.7        12.3       0.0     0.0       14.0         9.6          6.8             225.9,,,,,,,,,,,,
  Jan. 17      13.6         0.0          1.7        11.9       0.0    -0.0       13.6         7.9          6.3             198.2,,,,,,,,,,,,
  Jan. 16      12.2         0.0          1.5        10.7       0.0    -0.0       12.2         2.5          5.7             171.2,,,,,,,,,,,,
  Jan. 15      10.1         0.0          1.2         8.9       0.0    -0.0       10.1         2.5          5.3             147.0,,,,,,,,,,,,
  Jan. 14       7.8         0.0          1.0         6.8       0.0     9.8       -2.0         2.3          4.6             127.1,,,,,,,,,,,,
  Jan. 13       7.8         0.0          1.0         6.8       0.0     2.5        5.4         4.1          4.7             131.1,,,,,,,,,,,,
  Jan. 12       8.5         0.0          1.1         7.5       0.0    21.7      -13.1         4.8          5.0             120.5,,,,,,,,,,,,
  Jan. 11      12.3         0.0          1.5        10.7       0.0     0.0       12.3         8.8          6.9             146.4,,,,,,,,,,,,
  Jan. 10       9.2         0.0          1.2         8.0       0.0    -0.0        9.2         8.0          6.2             122.1,,,,,,,,,,,,
  Jan.  9       6.7         0.0          0.8         5.9       0.0    -0.0        6.7         6.8          5.3             104.0,,,,,,,,,,,,
  Jan.  8       9.1         0.0          1.2         8.0       0.0    -0.0        9.1         5.4          4.6              90.6,,,,,,,,,,,,
  Jan.  7       6.9         0.0          0.9         6.0       0.0    -0.0        6.9         5.1          3.7              72.5,,,,,,,,,,,,
  Jan.  6       8.1         0.0          1.0         7.1       0.0    -0.0        8.1         4.9          3.0              58.8,,,,,,,,,,,,
  Jan.  5       8.3         0.0          1.1         7.3       0.0     5.3        3.0         4.3          2.2              42.8,,,,,,,,,,,,
  Jan.  4       7.8         0.0          1.0         6.9       0.0     8.0       -0.2         3.7          1.9              36.8,,,,,,,,,,,,
  Jan.  3       7.9         0.0          1.0         6.9       0.0    -0.0        7.9         3.8          1.9              37.2,,,,,,,,,,,,
  Jan.  2       5.7         0.0          0.7         5.0       0.0    -0.0        5.7         2.2          1.1              21.6,,,,,,,,,,,,
  Jan.  1       5.2         0.0          0.6         4.6       0.0    -0.0        5.2         1.0          0.5              10.3,,,,,,,,,,,,
,,,,,,,,,,,,
 Irrigated Ag acreage =   12811.9,,,,,,,,,,,,
                 Riparian acreage =  12981.2,,,,,,,,,,,,
                           Open Water acreage =   2729.4 (daily variable),,,,,,,,,,,,
                                          Urban acreage =      0.0,,,,,,,,,,,,
                                               Total (ag. + rip. + open water + urb.) =    28522.4 acres,,,,,,,,,,,,
 Fallow acreage =      0.0,,,,,,,,,,,,
 Idle acreage =        0.0,,,,,,,,,,,,
,,,,,,,,,,,,
